,precision,recall,f1-score,support
0,0.8804945054945055,0.8685636856368564,0.8744884038199181,738.0
1,0.23015873015873015,0.25,0.2396694214876033,116.0
accuracy,0.7845433255269321,0.7845433255269321,0.7845433255269321,0.7845433255269321
macro avg,0.5553266178266179,0.5592818428184282,0.5570789126537607,854.0
weighted avg,0.7921584985402315,0.7845433255269321,0.7882600642993695,854.0
